{
  "0|0|0|0": {
    "0": -0.045946653906613205,
    "1": -0.050062979246188334,
    "2": -0.04876338271708207,
    "4": -0.047363955530451037,
    "6": -0.04535936827647845,
    "8": -0.03487021460758705
  },
  "0|0|1|0": {
    "6": -0.04958387272532417
  },
  "0|1|0|0": {
    "6": -0.06196056796746152,
    "0": -0.037091028211692655,
    "2": -0.03615690480920548,
    "4": -0.03359586308273821,
    "8": -0.024626572570461455
  },
  "0|2|0|0": {
    "0": -0.024550289321795888,
    "2": -0.026964880383812454
  }
}