{
  "0|0|0|0": {
    "8": -0.07109745635615582
  },
  "0|1|0|0": {
    "8": -0.03206534813465745,
    "0": -0.036300114738324694,
    "2": -0.0354892898503758,
    "4": -0.03427108131395048,
    "6": -0.05287305490809244
  },
  "0|2|0|0": {
    "8": -0.02231647179700008,
    "0": -0.02530323826685544,
    "2": -0.043514747107505705,
    "4": -0.01851258709835082
  },
  "0|3|0|0": {
    "0": -0.018599172400751672,
    "2": -0.01981821085843385
  }
}