{
  "0|0|0": {
    "4": -0.04047450302276218,
    "2": -0.04073981561575594,
    "6": 0.046357704103227405,
    "3": -0.04191388566052197,
    "1": -0.04036468691893265,
    "0": -0.041117478533903934,
    "5": -0.04153752360746785,
    "8": 0.5290749897976587
  },
  "0|1|0": {
    "2": 0.8938028081394465
  },
  "0|1|3": {},
  "0|2|0": {
    "2": 0.7521864817421765,
    "0": 0.17528291239326305
  },
  "0|1|2": {
    "2": -0.10318025466079424
  },
  "0|2|1": {
    "2": -0.8056748737079262
  },
  "0|2|5": {
    "2": -14.939352259500094
  }
}