{
  "0|0|0": {
    "3": -19.93976683214381,
    "4": -15.814092326564197,
    "6": -21.002682273728784,
    "2": -14.208830978727601,
    "0": -20.98279213840958,
    "7": -18.597014829811066,
    "5": -19.67904290516735,
    "8": -0.8125701410486444,
    "1": -15.549211269205529
  },
  "0|1|0": {
    "8": -2.6852969827113844,
    "0": -17.47765123908237,
    "3": -18.341856857540677,
    "2": -18.947407693638645,
    "1": -17.903749299146074,
    "7": -21.48650495001754,
    "4": -19.611478370626504,
    "6": -15.157426613607948,
    "5": -18.10451748278697
  },
  "1|1|0": {
    "1": -20.206660799696756,
    "4": -21.3115336488635,
    "0": -22.0434906109395,
    "8": -11.274799939460605,
    "5": -6.112797946214597,
    "2": -6.414268407359028,
    "7": -6.671834276866384,
    "6": -6.537839153883587
  },
  "1|2|0": {
    "0": -50.03137520369819,
    "4": -31.254380894967607,
    "5": -30.233487075270773,
    "6": -31.22140977548499,
    "3": -30.470334552554988,
    "2": -9.469608973189803,
    "1": -8.79538913705599
  },
  "2|2|0": {
    "4": -10.043399676636062,
    "5": -9.623854531625536
  },
  "3|2|0": {
    "2": -8.051513356031299,
    "5": -8.084318023426407,
    "1": -18.99451337400508
  },
  "3|2|1": {
    "8": -6.886741461755987,
    "7": -7.12031296426171
  },
  "1|1|1": {
    "8": -5.333547253390784
  },
  "3|3|0": {
    "8": -9.71227287937423
  },
  "3|1|0": {
    "5": -22.130658731740542,
    "1": -12.56080166682834,
    "2": -13.943672502938792,
    "0": -12.436167320176326,
    "3": -9.878134587904308,
    "6": -10.284792975595916,
    "8": -7.340368466526793
  },
  "2|1|0": {
    "3": -10.788615441431308,
    "5": -11.14320552130707,
    "0": -11.518356518917304,
    "7": -10.770127518728684,
    "8": -7.1554388839437495,
    "6": -7.303551253325394
  },
  "2|0|0": {
    "3": -15.355426161396249,
    "7": -14.83235003146805,
    "6": -15.30080848913767,
    "2": -4.9679318737234155,
    "4": -5.028327747027237
  },
  "3|0|0": {
    "5": -18.153944954140016,
    "2": -18.83429075058133,
    "4": -11.341294770726751,
    "0": -11.571440479222485,
    "6": -12.524412484707094,
    "1": -12.080326490907176,
    "8": -8.434449163290877
  },
  "1|0|0": {
    "4": -18.360721739893602,
    "6": -6.033449388349593,
    "7": -6.984380159062354,
    "1": -6.153698492292653
  },
  "1|3|0": {
    "1": -28.15645103822436,
    "3": -10.960175928026219
  },
  "2|3|0": {
    "2": -9.649600885242304
  },
  "0|2|0": {
    "8": -11.932276063943004,
    "1": -11.18408958404094,
    "5": -11.749351200668404,
    "6": -12.148392150302698,
    "3": -11.701652383113222,
    "7": -11.067633984907415,
    "2": -5.2742350692505715,
    "0": -10.210615589798971,
    "4": -11.97967962032456
  },
  "0|3|0": {
    "0": -7.978490629641659,
    "1": -8.637123189871051,
    "8": -10.263044151324939,
    "7": -1.1566068967627625
  },
  "3|0|1": {
    "1": -4.370593280177639
  },
  "2|0|1": {
    "5": -3.3688739485410584,
    "1": -2.8139136180212567,
    "3": -0.8686517899512108,
    "8": -0.6696127806045671
  },
  "1|0|2": {},
  "2|0|2": {
    "2": -1.2331652206485302
  },
  "3|1|1": {
    "3": -7.331477341691488,
    "8": -7.383367639316774,
    "6": -7.487606014044928,
    "2": -1.0672604156901475
  },
  "2|1|1": {
    "7": -6.925514282849164
  },
  "3|2|2": {
    "8": -3.283824105877616,
    "2": -2.357110729169309,
    "3": -3.397191972833792
  },
  "3|3|1": {
    "0": -4.261905036602906
  },
  "3|3|2": {
    "8": -3.98713020425821,
    "4": -4.033318138153352
  },
  "3|1|2": {
    "3": -7.744231955609011,
    "7": -3.579162601134814,
    "2": -2.8371564909351896
  },
  "3|1|3": {
    "0": -7.736411372826171,
    "5": -12.505786625640122
  },
  "2|1|3": {
    "0": -5.481586364233802
  },
  "1|1|3": {
    "7": -3.569879221667878
  },
  "0|1|3": {
    "8": -3.5108901728666537
  },
  "1|1|2": {
    "6": -3.350281427245098
  },
  "0|2|2": {
    "5": -1.9171684635968234
  },
  "2|3|1": {
    "8": -10.780348259493351
  },
  "0|2|5": {
    "4": -14.374447553361868
  },
  "0|3|5": {
    "0": -74.756222520674
  },
  "0|0|1": {
    "7": -1.1943588118955504
  },
  "2|1|4": {
    "2": -2.3824226984017236
  },
  "3|1|4": {
    "0": -31.443540249499147,
    "4": -15.29148764348036
  },
  "3|1|5": {
    "0": -37.400577587222514,
    "4": -35.88101982359324,
    "8": -85.21640162725282,
    "5": -46.968926217714824
  },
  "3|2|5": {
    "8": -257.4340519924649,
    "6": -252.78125783943767,
    "2": -233.06624945854134,
    "5": -188.2346804741756
  },
  "2|2|5": {
    "8": -57.720878268971745,
    "7": -57.747172877200285
  },
  "1|1|4": {
    "4": -1.2810046818770044,
    "1": -2.7839953000506727
  },
  "2|2|2": {
    "1": -1.9910575438663778
  },
  "1|2|2": {
    "8": -6.7202968982701
  },
  "3|2|4": {
    "8": -35.83286527491721
  },
  "1|2|5": {
    "2": -61.84954511402693
  },
  "1|1|5": {
    "3": -27.24286371552261
  },
  "3|2|3": {
    "8": -12.090343303822225,
    "1": -18.019317183307013
  },
  "3|3|3": {
    "6": -7.777565507399766
  },
  "3|3|5": {
    "7": -37.94993266659747
  },
  "2|1|2": {
    "5": -2.5548035662058233
  },
  "3|3|4": {
    "0": -50.45998414152824
  },
  "2|2|3": {
    "3": -5.929327288888555
  },
  "2|3|5": {
    "0": -10.271266444613197
  },
  "0|2|4": {
    "7": -77.76410844119509
  },
  "0|1|5": {
    "3": -111.28026201601547
  },
  "1|2|1": {
    "3": -0.9158790110220612
  },
  "2|2|1": {
    "0": -1.628474126042836
  },
  "2|2|4": {
    "0": -3.697534467760668
  },
  "0|1|2": {
    "7": -3.733803535911669,
    "6": -2.627402368310401,
    "1": -2.634419501100748
  },
  "0|1|1": {
    "5": -4.143222331485744
  },
  "2|1|5": {
    "8": -89.17188797011644
  },
  "0|1|4": {
    "3": -69.18912960998335
  },
  "0|2|1": {
    "8": -0.10861909932972935
  },
  "0|3|2": {},
  "0|0|2": {
    "7": -0.30656466776332064
  }
}