{
  "0|0|0|0": {
    "0": -0.04457211130821725,
    "4": -0.04939208120845075,
    "2": -0.04841036161827828,
    "6": -0.04666015703728806,
    "8": -0.0364835428053265
  },
  "0|1|0|0": {
    "8": -0.05102497504197542,
    "0": -0.036338033606893555,
    "2": -0.03553614632110001,
    "4": -0.03438918950315136,
    "6": -0.032374001211066074
  },
  "0|2|0|0": {
    "8": -0.01934200506106507
  },
  "0|3|0|0": {
    "2": -0.03627078590725953,
    "0": -0.021180761717327395
  }
}